number,value,datetime_start,datetime_complete,duration,params_V10,params_V11,params_V12,params_V15,params_V18,params_V3,params_V6,params_V9,system_attrs_fixed_params,state
0,1.0,2026-07-08 12:15:29.900492,2026-07-08 12:15:37.157888,0 days 00:00:07.257396,250.0,250.0,-500.0,0.0,0.0,0.0,0.0,500.0,"{'V3': 0.0, 'V6': 0.0, 'V9': 500.0, 'V10': 250.0, 'V11': 250.0, 'V12': -500.0, 'V15': 0.0, 'V18': 0.0}",COMPLETE
1,0.0,2026-07-08 12:15:37.207200,2026-07-08 12:15:44.068005,0 days 00:00:06.860805,731.6086669804231,978.8130270535482,-153.0748694940056,-108.01409021628695,-389.0726128255737,-294.51244143677184,-36.908981167144816,302.3854565372883,,COMPLETE
2,0.0,2026-07-08 12:15:44.102953,2026-07-08 12:15:50.614220,0 days 00:00:06.511267,173.3966361080502,779.4808415696223,452.5685468985878,490.6324487243696,-87.66905974087047,-37.167293260868746,-427.06422756187067,891.9804222666398,,COMPLETE
3,0.0,2026-07-08 12:15:50.643229,2026-07-08 12:15:57.321256,0 days 00:00:06.678027,-200.36697517723053,-716.6311514898211,620.3107734858395,231.25393293984803,74.06441582882132,190.91505575436884,152.72735832461512,-269.96939967756293,,COMPLETE
4,0.0,2026-07-08 12:15:57.346515,2026-07-08 12:16:03.904896,0 days 00:00:06.558381,-194.58931965424165,604.8316010950227,15.946234501887034,365.13219998901025,463.7747668628906,176.14299435864177,23.006461634477432,-711.9640144701826,,COMPLETE
5,0.0,2026-07-08 12:16:04.038791,2026-07-08 12:16:10.498962,0 days 00:00:06.460171,867.8205787673362,-762.8799211819921,-946.6624254022773,-332.42512914835083,139.73654384977817,239.39536995735864,-460.0145456491227,113.60383554338,,COMPLETE
6,0.0,2026-07-08 12:16:10.524770,2026-07-08 12:16:16.652041,0 days 00:00:06.127271,694.1990530711316,-390.06377782690004,47.58660029839484,-40.63596853223538,-61.23247844708402,50.76811022563936,466.14582356712776,886.6587785066743,,COMPLETE
7,0.0,2026-07-08 12:16:16.672107,2026-07-08 12:16:22.370522,0 days 00:00:05.698415,489.31198803441157,-441.84842003473125,-254.93239356814956,481.4593461001007,70.15333844379757,-31.64127043766763,-242.18455506726502,-292.9465143548762,,COMPLETE
8,0.0,2026-07-08 12:16:22.397849,2026-07-08 12:16:28.048784,0 days 00:00:05.650935,72.70918964556131,-698.5589927447681,-6.618921801767101,-462.12149414556137,254.85959190530275,105.2900052536861,-208.9391427096926,10.245086629697653,,COMPLETE
9,0.0,2026-07-08 12:16:28.076221,2026-07-08 12:16:33.837887,0 days 00:00:05.761666,-468.2936723484023,-206.92144073656516,-689.5454665397624,-390.1174292864953,-289.7081312052594,-249.92392964873278,-121.14861542428645,-369.9498694690044,,COMPLETE
10,0.0,2026-07-08 12:16:33.867744,2026-07-08 12:16:39.553784,0 days 00:00:05.686040,-952.3138914159331,231.90219006147487,918.7177871523841,80.76800333320152,-490.45403454328704,473.2377111643373,324.1520315909096,-983.2761945034897,,COMPLETE
11,0.0,2026-07-08 12:16:39.684886,2026-07-08 12:16:45.668297,0 days 00:00:05.983411,431.94061658585804,239.04848742761007,-414.83239414659727,-97.01611785522599,-355.5395374928477,-488.74584149800546,59.379768903737045,454.7388293829169,,COMPLETE
12,0.0,2026-07-08 12:16:45.694770,2026-07-08 12:16:52.620878,0 days 00:00:06.926108,897.9131607882535,989.9499530089992,-609.7495939318982,-194.2948311821192,-178.40299275375918,-253.69953445067122,211.20477468478686,436.50478865621415,,COMPLETE
13,0.0,2026-07-08 12:16:52.666015,2026-07-08 12:16:59.061362,0 days 00:00:06.395347,356.31809798395125,281.9426499028042,-242.38074497870383,94.75896267968912,344.6185719810771,-240.5032361277402,-77.5503394883246,477.7564327347211,,COMPLETE
14,0.0,2026-07-08 12:16:59.098661,2026-07-08 12:17:05.531686,0 days 00:00:06.433025,659.9785679295841,537.3831163011928,-992.5583243901328,-235.78332587649749,-487.23395423545423,-425.1464520701266,-276.1587451921356,246.22958447877903,,COMPLETE
15,0.0,2026-07-08 12:17:05.563319,2026-07-08 12:17:11.576042,0 days 00:00:06.012723,142.3773913698596,-34.806740935876775,329.1670101932931,79.44295520400394,-285.0921227897236,-348.05523038893017,-12.555175913124568,631.276922059118,,COMPLETE
16,0.0,2026-07-08 12:17:11.612790,2026-07-08 12:17:16.820830,0 days 00:00:05.208040,994.374310739091,941.0487978541008,-605.8046686761137,-68.50578245657405,-98.7532190025003,-72.96837935409665,178.16681279241024,667.200112042563,,COMPLETE
17,0.0,2026-07-08 12:17:16.848547,2026-07-08 12:17:21.718394,0 days 00:00:04.869847,-151.38613187133774,-997.4636693877591,-274.1536671706173,215.8807752886671,-366.59123956706645,363.43414445495097,310.8610374370737,-90.93281931703729,,COMPLETE
18,0.0,2026-07-08 12:17:21.748567,2026-07-08 12:17:27.796552,0 days 00:00:06.047985,644.3508394621743,482.1395616618594,171.81226937312948,-217.36454306864186,253.47780089970115,-124.64824924249437,-348.3161525719908,273.1732681980858,,COMPLETE
19,0.0,2026-07-08 12:17:27.831072,2026-07-08 12:17:33.780128,0 days 00:00:05.949056,-819.6915688401323,23.676769055752175,-496.2162626057871,16.275350666135267,-193.10238241305973,-156.10254782163193,-119.85783591776722,769.2349071853015,,COMPLETE
20,0.0,2026-07-08 12:17:33.809369,2026-07-08 12:17:39.826785,0 days 00:00:06.017416,323.3738195784764,808.4710396775672,-743.8741372589956,199.70430941190915,-0.9989747599376528,-364.7165750562826,109.13276096891099,208.17166434043702,,COMPLETE
21,0.0,2026-07-08 12:17:39.853012,2026-07-08 12:17:45.723329,0 days 00:00:05.870317,77.02636524156503,770.2133957412876,569.0534215706066,375.910688719292,-146.6656157946773,14.372945518848423,-474.9372487995368,838.0241682738584,,COMPLETE
22,0.0,2026-07-08 12:17:45.774513,2026-07-08 12:17:51.044742,0 days 00:00:05.270229,242.20998581089268,769.8047787780497,421.33642376463456,-122.8003533254892,-31.168651314077735,-166.51660133515588,-348.4377890138987,996.566081016755,,COMPLETE
23,0.0,2026-07-08 12:17:51.073330,2026-07-08 12:17:56.494275,0 days 00:00:05.420945,-24.063010679825766,405.7363253168127,932.7391001066587,473.35520056451134,150.73453317314863,66.28948717971306,-59.624376666320735,604.6536132689957,,COMPLETE
24,0.0,2026-07-08 12:17:56.521181,2026-07-08 12:18:01.866425,0 days 00:00:05.345244,547.2724933589483,658.7763078004983,-118.3970341717653,-305.4732315195645,-234.7092280609565,-88.48764207029797,-162.0565651865614,404.60400832684024,,COMPLETE
25,0.0,2026-07-08 12:18:01.896715,2026-07-08 12:18:07.309679,0 days 00:00:05.412964,-522.4483897058872,891.8289593360034,306.8845303028696,301.0635846627556,-381.75740962847857,-336.260901878886,-363.6702833242849,937.1765200065927,,COMPLETE
26,0.0,2026-07-08 12:18:07.340505,2026-07-08 12:18:12.769817,0 days 00:00:05.429312,-417.66625919598516,83.42435088025962,-391.35417407451723,-499.27227223025136,43.38664040152876,297.1908846261892,300.33131351681436,752.2148104042329,,COMPLETE
27,0.0,2026-07-08 12:18:12.796956,2026-07-08 12:18:18.338314,0 days 00:00:05.541358,242.72132451751952,633.4726227015035,724.9427014695208,160.57694735570365,-117.81929127979305,136.28086214050376,468.82454625118226,559.2976760123942,,COMPLETE
28,0.0,2026-07-08 12:18:18.369674,2026-07-08 12:18:23.349288,0 days 00:00:04.979614,781.5349536645037,418.10154742701627,-826.7867889812392,12.862215073515337,168.72096233828108,-48.11196960607798,75.9477019454976,-89.05817798986004,,COMPLETE
29,0.0,2026-07-08 12:18:23.377616,2026-07-08 12:18:28.396533,0 days 00:00:05.018917,-74.3739930742372,724.230630989367,678.5894517428179,-161.28954803521938,-432.0149676362359,-187.16927696045607,-31.734247848895443,368.87476115287654,,COMPLETE
30,0.0,2026-07-08 12:18:28.427754,2026-07-08 12:18:33.479445,0 days 00:00:05.051691,-303.9451966669776,989.6406246290212,191.0979812267828,286.08918012615686,-258.2544548648324,5.444374022062898,-284.58489118981277,93.14930675823837,,COMPLETE
31,0.0,2026-07-08 12:18:33.503576,2026-07-08 12:18:38.846871,0 days 00:00:05.343295,-305.68287452960874,-195.76788911352233,515.4795830088702,350.46836991829343,430.28481326985,207.08555810439344,150.02626035733667,-586.6250033587867,,COMPLETE
32,0.0,2026-07-08 12:18:38.873261,2026-07-08 12:18:44.333663,0 days 00:00:05.460402,-277.5630242012395,-669.3409442830732,822.4004984788531,410.15820844287504,81.95688223312968,280.64321589292194,244.17199578860337,-384.8285808827602,,COMPLETE
33,0.0,2026-07-08 12:18:44.372605,2026-07-08 12:18:49.948719,0 days 00:00:05.576114,-633.3116385693962,-964.9429397951586,571.2876857152725,150.08590263527407,227.0581748379518,148.87883412994142,35.25430532043184,-610.7010025361843,,COMPLETE
34,0.0,2026-07-08 12:18:50.123272,2026-07-08 12:18:55.158438,0 days 00:00:05.035166,-121.84341437688067,-473.27736053705803,-103.25335541385527,-18.28743824380649,-58.60674267291432,218.9265019018731,411.11390409834183,-931.1148871572715,,COMPLETE
35,0.0,2026-07-08 12:18:55.185468,2026-07-08 12:19:00.586583,0 days 00:00:05.401115,565.6626997114779,-306.55812693522347,107.86219209303312,267.364464844793,11.203530660324928,387.3697149870136,122.10279259436044,-204.04705537860906,,COMPLETE
36,0.0,2026-07-08 12:19:00.619615,2026-07-08 12:19:05.779347,0 days 00:00:05.159732,190.64624611121724,-836.7749915261471,725.7107547207238,436.93703401795113,115.40833097964673,119.68562925566374,-429.7521914857886,752.1062871025459,,COMPLETE
37,0.0,2026-07-08 12:19:05.814044,2026-07-08 12:19:11.741601,0 days 00:00:05.927557,-23.968225163662453,-553.0682948117292,-67.22641279665106,-292.96726154827087,193.10427312339374,68.86041802905862,-172.15817021722773,-813.8382789489405,,COMPLETE
38,0.0,2026-07-08 12:19:11.779027,2026-07-08 12:19:17.199794,0 days 00:00:05.420767,347.24809434648114,874.064316594853,377.97481003906853,490.8194864253251,319.8065580289137,17.34382571823789,12.435915110816552,60.837828841954945,,COMPLETE
39,0.0,2026-07-08 12:19:17.242638,2026-07-08 12:19:22.616549,0 days 00:00:05.373911,59.8131612980298,340.5933509542515,248.31658085284093,-148.79779473203575,47.1029331914658,497.01917367221205,384.014228161804,309.59893549653975,,COMPLETE
40,0.0,2026-07-08 12:19:22.663708,2026-07-08 12:19:27.654019,0 days 00:00:04.990311,449.9634744355476,93.47698061833285,38.174947589681665,120.31455848400535,-93.10837259076023,-20.79327514448106,-112.07438846358323,176.6314790525867,,COMPLETE
41,0.0,2026-07-08 12:19:27.687206,2026-07-08 12:19:32.954122,0 days 00:00:05.266916,-672.1005911916799,625.6449631218373,-200.61562084396667,330.53894472594163,377.92844403427824,176.54949935507452,248.33041307481756,-510.56059608788644,,COMPLETE
42,0.0,2026-07-08 12:19:32.986519,2026-07-08 12:19:38.304576,0 days 00:00:05.318057,-180.7560542128167,574.6802700594764,-402.42635537918454,397.2885643489138,425.0932579628711,247.74860723764675,66.48724448475402,-747.9035633005112,,COMPLETE
43,0.0,2026-07-08 12:19:38.328040,2026-07-08 12:19:43.682202,0 days 00:00:05.354162,93.77578546209467,170.597647305485,453.7529094138499,445.57730530730004,-311.1683515462843,360.18431549291404,-63.42929572202554,-386.89554169477134,,COMPLETE
44,0.0,2026-07-08 12:19:43.725705,2026-07-08 12:19:48.462531,0 days 00:00:04.736826,812.3935327927816,836.5824439076969,-327.40224143988627,232.1151959539294,-210.11776811471753,-227.57895907013125,198.86435631444667,-268.3403751157735,,COMPLETE
45,0.0,2026-07-08 12:19:48.505520,2026-07-08 12:19:53.302986,0 days 00:00:04.797466,-229.782613710497,-71.09323699941108,-528.1916551363227,-84.9108758776584,291.2916027572228,98.64698571602001,-203.86015747362126,-92.23992219191135,,COMPLETE
46,0.0,2026-07-08 12:19:53.323322,2026-07-08 12:19:58.149824,0 days 00:00:04.826502,-386.22240652883636,682.3155699263759,83.21673308847545,53.68228716486338,122.85598699371855,-457.35068634389796,-3.2341499420597164,-755.8340980848161,,COMPLETE
47,0.0,2026-07-08 12:19:58.171398,2026-07-08 12:20:03.099907,0 days 00:00:04.928509,-37.81679550560716,525.8795009577758,-858.2106618731584,-34.08482891393044,-148.68641225394867,-294.06241471562043,100.40368664193963,-17.19325415832418,,COMPLETE
48,0.0,2026-07-08 12:20:03.131606,2026-07-08 12:20:08.227784,0 days 00:00:05.096178,907.7962368020134,952.4086709425729,-26.574600125706965,327.61578239496384,-451.52050426684286,-112.79033070910623,165.26619379093694,538.8219725974104,,COMPLETE
49,0.0,2026-07-08 12:20:08.260344,2026-07-08 12:20:13.377495,0 days 00:00:05.117151,704.8344069519987,449.39965434384754,995.2164796638317,-367.1415707065502,-35.11987425814726,287.7306704637544,30.82279226714013,-468.9407491896673,,COMPLETE
50,0.0,2026-07-08 12:20:13.403487,2026-07-08 12:20:18.424293,0 days 00:00:05.020806,-514.2093095306652,-182.78544000217437,-147.32466359415028,247.8158325410576,373.6714068359808,430.2565205867292,-422.1244793161827,857.2743314419123,,COMPLETE
51,0.0,2026-07-08 12:20:18.451228,2026-07-08 12:20:23.360711,0 days 00:00:04.909483,959.0460651449753,-674.9768431948993,-923.0540063186196,-397.5084936552666,87.93791553638468,329.27287651092894,-488.8706509201403,473.4858291683839,,COMPLETE
52,0.0,2026-07-08 12:20:23.394853,2026-07-08 12:20:28.692130,0 days 00:00:05.297277,791.308639919914,-755.0146510468817,-679.4433645076732,-259.23740095883403,465.6046238012975,193.42103548319164,-452.73560017250986,156.41429782126323,,COMPLETE
53,0.0,2026-07-08 12:20:28.720950,2026-07-08 12:20:34.634367,0 days 00:00:05.913417,624.8891420467432,-574.7799147540686,-510.05344914595116,-359.78681264164766,30.59396094510685,238.42472092185136,-253.33501127115738,362.3929515173718,,COMPLETE
54,0.0,2026-07-08 12:20:34.663042,2026-07-08 12:20:39.828096,0 days 00:00:05.165054,395.1355157546785,-877.7424738393152,-309.7237535768663,186.6671831388184,225.47246124470047,83.796818468528,-399.81988477228487,280.65952646173525,,COMPLETE
55,0.0,2026-07-08 12:20:39.870238,2026-07-08 12:20:45.066047,0 days 00:00:05.195809,544.512951390897,-367.8410361947919,-586.7929093128137,-206.59818699975028,-68.89926948658504,177.15905314537898,-95.6333776948174,684.1062163251048,,COMPLETE
56,0.0,2026-07-08 12:20:45.096592,2026-07-08 12:20:50.100807,0 days 00:00:05.004215,279.7443322310494,893.409865015041,-985.437115309855,-439.4162807933491,-12.95068828014712,44.78076444786666,-331.09633853351,-286.09640478011164,,COMPLETE
57,0.0,2026-07-08 12:20:50.141502,2026-07-08 12:20:55.252049,0 days 00:00:05.110547,158.7032191866126,271.84390650205836,-739.1896418982387,370.6909188083385,-321.6147565082607,-379.0098710011288,-29.333009104753824,-169.59452988424175,,COMPLETE
58,0.0,2026-07-08 12:20:55.288034,2026-07-08 12:21:00.349498,0 days 00:00:05.061464,852.8983889655177,766.8681118167141,626.2258652158841,454.1830598836689,-155.23892548621495,148.69545408099776,-285.38050666337966,513.1058636635606,,COMPLETE
59,0.0,2026-07-08 12:21:00.392124,2026-07-08 12:21:05.431800,0 days 00:00:05.039676,742.7459695986496,-806.6427965456912,786.5232999021965,494.2589695638028,124.53378556064925,-71.20823920632952,-152.08252643877398,933.1545074439962,,COMPLETE
60,0.0,2026-07-08 12:21:05.500678,2026-07-08 12:21:10.614772,0 days 00:00:05.114094,-929.3308395510808,361.19053029960844,303.51465115507506,404.16462274219305,-110.4061179315323,-212.3027180131532,249.2921647708008,7.249625796327479,,COMPLETE
61,0.0,2026-07-08 12:21:10.648532,2026-07-08 12:21:17.089454,0 days 00:00:06.440922,665.7483679758838,-419.8629784489659,-191.74420577121435,-38.11325637463722,-32.55467729990126,37.22414301347647,498.38878225476924,830.4850354364304,,COMPLETE
62,0.0,2026-07-08 12:21:17.120829,2026-07-08 12:21:23.465301,0 days 00:00:06.344472,503.8299053617503,-926.3487983636123,199.5998821712772,27.154002574660993,489.92762457005847,-21.39591391636802,365.4992362221832,999.5121380859518,,COMPLETE
63,0.0,2026-07-08 12:21:23.495545,2026-07-08 12:21:28.961789,0 days 00:00:05.466244,942.230110670828,-589.9661419127475,14.233673508820791,-112.39906821677519,60.39879152460415,-137.65240639328414,-384.57667615658715,719.8667953530261,,COMPLETE
64,0.0,2026-07-08 12:21:28.984938,2026-07-08 12:21:35.858094,0 days 00:00:06.873156,867.6037949952803,-766.1851791299539,99.37820059232445,93.094222377009,5.860078451453774,251.13780460478165,296.76336316291685,626.3159657123979,,COMPLETE
65,0.0,2026-07-08 12:21:35.889879,2026-07-08 12:21:41.627393,0 days 00:00:05.737514,15.861602753199065,727.5834056717657,490.87863749920916,-257.6193323686444,-75.92225362941343,112.62932367253124,-498.1863709315632,893.4703080623335,,COMPLETE
66,0.0,2026-07-08 12:21:41.657786,2026-07-08 12:21:47.068179,0 days 00:00:05.410393,592.2569268782624,986.6663104489552,-450.1019998526447,-177.2458916282155,169.45792181482983,-285.42809703359165,-308.3593599470373,806.147031948487,,COMPLETE
67,0.0,2026-07-08 12:21:47.093120,2026-07-08 12:21:53.709350,0 days 00:00:06.616230,718.9926721740039,-293.6236709502327,345.7098617010048,-61.847706042070456,-265.2327750793314,159.90575721777245,-228.19240758830517,433.55592532767497,,COMPLETE
68,0.0,2026-07-08 12:21:53.737288,2026-07-08 12:21:59.161015,0 days 00:00:05.423727,-178.9874098218785,-626.6141207581055,-253.49561319468663,138.48503832210258,-400.6170840559096,-42.49491292769713,-41.91457286003083,101.03225537088173,,COMPLETE
69,0.0,2026-07-08 12:21:59.188912,2026-07-08 12:22:04.700131,0 days 00:00:05.511219,457.7998644506708,-496.4291874790906,262.1122781536183,50.696097219315845,-207.83768812685256,323.10532921048593,128.71831843559477,584.3240604291251,,COMPLETE
70,0.0,2026-07-08 12:22:04.719570,2026-07-08 12:22:09.959187,0 days 00:00:05.239617,-95.22227351940748,-93.57031707513136,-58.2224349304921,-140.0679042710658,84.04417408943632,52.20908288005322,39.89936248165709,362.7648485863932,,COMPLETE
71,0.0,2026-07-08 12:22:09.998039,2026-07-08 12:22:14.841118,0 days 00:00:04.843079,656.9293087848487,178.42483142179358,-137.91644804103163,426.512638310572,32.700464677890864,-1.9290416934210555,-144.93557297142837,225.5314324481734,,COMPLETE
72,0.0,2026-07-08 12:22:14.871856,2026-07-08 12:22:19.374494,0 days 00:00:04.502638,279.92182031460413,-715.8992483014121,-319.8658507840927,475.5925048110448,204.7960381259267,-93.67560587872356,-447.7107596459508,-968.1130875374397,,COMPLETE
73,0.0,2026-07-08 12:22:19.409212,2026-07-08 12:22:24.086086,0 days 00:00:04.676874,-370.8328703802646,-272.12606968875025,141.73181091656434,369.22872699779674,-48.73549360647955,-56.49605615514824,-79.57559288859571,-76.3808455592316,,COMPLETE
74,0.0,2026-07-08 12:22:24.109201,2026-07-08 12:22:28.785199,0 days 00:00:04.675998,487.79232678867584,-505.64878024047727,-361.0662174219528,-2.9866648481871905,-4.746155548714398,132.80400599605233,-197.63320196250854,-640.9418918742912,,COMPLETE
75,0.0,2026-07-08 12:22:28.813312,2026-07-08 12:22:33.651784,0 days 00:00:04.838472,384.0703063185792,591.7865464453396,-206.60757917258738,462.1352326909716,153.38360461517848,221.31841576874479,92.86093401222195,-434.5413229615003,,COMPLETE
76,0.0,2026-07-08 12:22:33.683176,2026-07-08 12:22:38.493324,0 days 00:00:04.810148,757.6390977236999,846.6509536237038,45.6596627068996,346.63818513092207,278.63813211153706,-191.5511027113123,-1.935622188607559,-198.47662126251186,,COMPLETE
77,0.0,2026-07-08 12:22:38.525671,2026-07-08 12:22:44.014030,0 days 00:00:05.488359,195.4024844715334,801.3823082574254,841.4058340803565,278.00293830320595,-121.38078398987787,20.26018838825258,-357.69999648738184,-849.7290263137796,,COMPLETE
78,0.0,2026-07-08 12:22:44.051110,2026-07-08 12:22:49.375203,0 days 00:00:05.324093,830.9561021337622,-393.0331184371303,600.4689780588405,310.53093682539304,92.93881077621171,85.94495555739391,445.86067443454476,-289.11333159484957,,COMPLETE
79,0.0,2026-07-08 12:22:49.422691,2026-07-08 12:22:54.396584,0 days 00:00:04.973893,314.96157306700843,489.2527590621043,-452.8880626923911,-65.30798285490243,-176.50515295819474,268.5980896865231,-389.2634300122238,-667.5977354669454,,COMPLETE
80,0.0,2026-07-08 12:22:54.433585,2026-07-08 12:22:59.374225,0 days 00:00:04.940640,984.9950381578126,922.5128487174445,-673.0489469427964,-318.2261185811162,22.08081763902151,-11.645205609404655,-465.35836566101995,319.3611721440385,,COMPLETE
81,0.0,2026-07-08 12:22:59.417284,2026-07-08 12:23:04.622120,0 days 00:00:05.204836,127.74581515434159,-875.9165345375395,-45.218262624974656,-496.7300428092303,58.386273988466456,194.71893917386706,-258.97234782113946,42.21174086132197,,COMPLETE
82,0.0,2026-07-08 12:23:04.652694,2026-07-08 12:23:09.696834,0 days 00:00:05.044140,36.734567796849035,-687.2987716304403,403.6332809907178,425.99520406752737,336.67677480750467,113.20655654290438,-114.23772626870132,103.30340295465155,,COMPLETE
83,0.0,2026-07-08 12:23:09.720490,2026-07-08 12:23:14.628682,0 days 00:00:04.908192,-256.95196258196813,-745.5393597914066,-90.87823394288766,-464.5350806098027,258.8761547382909,70.64292513507027,-324.35320489011946,145.1173649420584,,COMPLETE
84,0.0,2026-07-08 12:23:14.664748,2026-07-08 12:23:19.697260,0 days 00:00:05.032512,97.27648068103986,-804.9405872995635,0.01895773888987229,-411.68988132676424,118.59189676318618,173.88976977357666,52.60796517548653,-156.66387234466953,,COMPLETE
85,0.0,2026-07-08 12:23:19.720285,2026-07-08 12:23:24.641550,0 days 00:00:04.921265,217.60686266483964,-637.3836109485544,-162.79302953638182,498.2347661617419,190.73105385561442,219.2718942985683,-426.11879907624746,-536.8347945788686,,COMPLETE
86,0.0,2026-07-08 12:23:24.670308,2026-07-08 12:23:29.780742,0 days 00:00:05.110434,-53.57148162389666,28.062751699341504,-836.6767146723517,-346.46365862831294,58.40392989104862,-486.64014021043533,202.7680551612048,-45.685688062431524,,COMPLETE
87,0.0,2026-07-08 12:23:29.807213,2026-07-08 12:23:35.246733,0 days 00:00:05.439520,-137.5924546875066,-954.4038920177908,683.7456206192902,-237.47279577269586,433.8898603324222,26.32760335377074,-216.33338325727726,-127.12456480917206,,COMPLETE
88,0.0,2026-07-08 12:23:35.269636,2026-07-08 12:23:40.948727,0 days 00:00:05.679091,11.009361752916789,684.2800120203018,54.20546996479868,391.68107049633466,-83.97260622890097,-409.2827001473495,-179.57929387653277,214.52562753855676,,COMPLETE
89,0.0,2026-07-08 12:23:40.983775,2026-07-08 12:23:46.295273,0 days 00:00:05.311498,394.38880452687584,-998.7761484874367,-562.5080183329687,-427.39742034148156,303.22045001121455,54.6958859717383,-66.07484001404805,-326.4171605810159,,COMPLETE
90,0.0,2026-07-08 12:23:46.330346,2026-07-08 12:23:52.134571,0 days 00:00:05.804225,693.8240022699141,-446.29684662145536,-263.48137266266286,211.2168111016979,130.13165686008506,-27.900874787852814,-140.0130458058165,264.2485351013018,,COMPLETE
91,0.0,2026-07-08 12:23:52.164978,2026-07-08 12:23:58.522044,0 days 00:00:06.357066,-208.23159471681106,-134.451361397892,-649.5844739716023,-466.7497597429224,-450.5071712673407,-242.9821423609758,78.90064373257324,-342.3079397378273,,COMPLETE
92,0.0,2026-07-08 12:23:58.556809,2026-07-08 12:24:04.372841,0 days 00:00:05.816032,-524.5474360004108,-348.85299391115694,-753.7510889391697,-393.4661107953292,-323.9165306786397,-168.3667768843267,16.45172223381061,-238.86094688132553,,COMPLETE
93,0.0,2026-07-08 12:24:04.399474,2026-07-08 12:24:10.603275,0 days 00:00:06.203801,-731.8345841779594,-575.4053928286188,-796.6954259118293,-308.5009863294034,-357.25751247717875,-266.7907346049485,-36.649345439992864,-424.25549166502265,,COMPLETE
94,0.0,2026-07-08 12:24:10.669322,2026-07-08 12:24:17.042044,0 days 00:00:06.372722,-433.4559688815103,-172.63170108840018,-965.2733931655681,-93.36948238966256,-392.3796707033979,-344.98392683200535,-86.11471436738896,918.9989382586662,,COMPLETE
95,0.0,2026-07-08 12:24:17.074663,2026-07-08 12:24:23.613661,0 days 00:00:06.538998,-327.5447216915114,-533.0271296879325,-924.3934994127377,250.64515214670678,-17.180753527876746,101.09037755126464,-243.74997340888368,676.3158298675844,,COMPLETE
96,0.0,2026-07-08 12:24:23.661641,2026-07-08 12:24:29.599942,0 days 00:00:05.938301,902.2078000672786,-217.92486019818392,205.7702337226515,175.52397595675149,-477.85753704417607,-300.2707983740344,-19.59857985830637,-580.6685231291035,,COMPLETE
97,0.0,2026-07-08 12:24:29.632606,2026-07-08 12:24:34.859853,0 days 00:00:05.227247,619.5327022975358,-452.90672596799016,-620.72938307387,-378.3062633349508,371.2781637368489,-113.73328042458421,-129.18538919816956,401.05086137272434,,COMPLETE
98,0.0,2026-07-08 12:24:34.899396,2026-07-08 12:24:40.111435,0 days 00:00:05.212039,-451.2873213780441,-623.845148926435,535.9399389990859,62.61881958571,103.5439259146865,-317.563508151126,-179.24250236610558,-8.78967221814299,,COMPLETE
99,0.0,2026-07-08 12:24:40.148331,2026-07-08 12:24:46.032911,0 days 00:00:05.884580,150.20697738333874,732.7880805479972,136.96598205290357,-283.07023207546536,152.86737143846884,133.08394498385786,344.2227363183849,883.6921693336178,,COMPLETE
100,0.0,2026-07-08 12:24:46.069466,2026-07-08 12:24:51.777172,0 days 00:00:05.707706,542.5286684231874,339.4065847759774,-464.4992236860526,-463.8333922089711,73.48509572978048,-69.76428849788711,-52.98394333929083,789.3180559119057,,COMPLETE
101,0.0,2026-07-08 12:24:51.816794,2026-07-08 12:24:56.759121,0 days 00:00:04.942327,-963.8812303444028,204.0889270899408,762.1954510899657,-32.30027019347992,-419.1012849101485,444.97498565278573,279.0738058609773,-874.0049710869939,,COMPLETE
102,0.0,2026-07-08 12:24:56.797401,2026-07-08 12:25:01.964744,0 days 00:00:05.167343,-829.1816072466194,83.52677000731535,-886.4554487809871,114.60399461945829,-482.65491021792934,476.2205968376278,174.10679282490787,-920.3852308494365,,COMPLETE
103,0.0,2026-07-08 12:25:02.003037,2026-07-08 12:25:07.097063,0 days 00:00:05.094026,-604.67527489947,134.2904844554041,877.877478321675,38.30361568924453,-337.57583459640364,312.5520771773125,398.36742168623834,178.8179075766827,,COMPLETE
104,0.0,2026-07-08 12:25:07.133931,2026-07-08 12:25:12.720697,0 days 00:00:05.586766,784.3630182536355,-259.7544643985732,-233.7625363127322,0.9538972921727186,-56.489517142544116,395.60297443157475,15.522695956747931,-498.88901005528385,,COMPLETE
105,0.0,2026-07-08 12:25:12.754436,2026-07-08 12:25:18.557610,0 days 00:00:05.803174,271.47960231185147,420.0515831969627,971.7735426662118,-54.50637599072671,-499.45614740094203,7.891885817117263,135.89902065225246,731.1904592739536,,COMPLETE
106,0.0,2026-07-08 12:25:18.594838,2026-07-08 12:25:23.775686,0 days 00:00:05.180848,-787.0782301152808,21.234241707243626,-371.74014982071185,474.2727903069127,-271.65762949853286,-375.43494175781626,436.1372900761295,-752.4824461092487,,COMPLETE
107,0.0,2026-07-08 12:25:23.809143,2026-07-08 12:25:29.824272,0 days 00:00:06.015129,-883.6655713029687,-848.6251509091735,-105.53049225421822,72.77377012083991,-241.7052663800016,355.0947123049466,334.0964077528063,-997.4918607316544,,COMPLETE
108,0.0,2026-07-08 12:25:29.857958,2026-07-08 12:25:36.722332,0 days 00:00:06.864374,335.62527955461553,637.2383739016327,-15.227456744143065,-113.37264651227461,11.919828851453914,157.75058472171443,-410.460777807579,-791.2024474140516,,COMPLETE
109,0.0,2026-07-08 12:25:36.748749,2026-07-08 12:25:42.846827,0 days 00:00:06.098078,-101.09200675598146,280.6002036020531,676.9780541476106,-350.2226961281516,-128.34009903480998,79.59346549017616,487.11117431196675,-388.3551489633771,,COMPLETE
110,0.0,2026-07-08 12:25:42.883077,2026-07-08 12:25:48.087586,0 days 00:00:05.204509,-324.42128510816696,-340.6026515314362,916.1252246900317,302.55420898426524,-375.1598203288639,-140.0429919411307,-303.62090644456146,26.72047772566246,,COMPLETE
111,0.0,2026-07-08 12:25:48.132477,2026-07-08 12:25:53.775680,0 days 00:00:05.643203,580.2071172603316,-706.8430908164864,-310.89541847163247,-175.1528743792224,-411.1957643971333,-429.9304613650119,100.9685225567338,447.47042956627723,,COMPLETE
112,0.0,2026-07-08 12:25:53.800944,2026-07-08 12:25:59.643511,0 days 00:00:05.842567,417.92167967371995,209.6574971518718,467.61049753788615,-137.11091579456473,-438.3498839003456,-84.7311784099266,232.94775431328557,313.2025373714226,,COMPLETE
113,0.0,2026-07-08 12:25:59.670186,2026-07-08 12:26:05.629601,0 days 00:00:05.959415,495.20759800906967,-31.925540528190083,-393.93838905858206,18.755797936900663,-344.8180943221912,-41.799970157088325,59.38753941589883,568.1639146135494,,COMPLETE
114,0.0,2026-07-08 12:26:05.657784,2026-07-08 12:26:11.853382,0 days 00:00:06.195598,236.68974306869643,536.0546276055184,-507.7110220146222,-89.0489720332408,-468.2741351308488,-479.6899080204429,74.45832847890176,521.8850399745763,,COMPLETE
115,0.0,2026-07-08 12:26:11.885139,2026-07-08 12:26:17.086818,0 days 00:00:05.201679,296.3014405902064,976.9131163176995,-563.3281360504379,-18.01566788616163,-286.3936492423403,-406.6666938829047,-96.4813711518699,-236.07372014738712,,COMPLETE
116,0.0,2026-07-08 12:26:17.105384,2026-07-08 12:26:23.694816,0 days 00:00:06.589432,82.79711202605175,236.91002426938047,-173.21641271787027,118.00510051836399,-306.0361184606254,39.425986349657414,-15.611866664792302,962.7183891928139,,COMPLETE
117,0.0,2026-07-08 12:26:23.726879,2026-07-08 12:26:29.918884,0 days 00:00:06.192005,872.1058667631161,819.6810220465197,-728.45129128853,444.436816999942,-35.758511791976616,257.53799672734203,-444.3130621136231,-724.0548924952543,,COMPLETE
118,0.0,2026-07-08 12:26:29.943633,2026-07-08 12:26:35.847574,0 days 00:00:05.903941,197.50879343786244,375.34141548077446,266.7769154673988,-438.74259078599766,47.10700117881309,192.93658886104842,4.075303803094201,635.9513388365724,,COMPLETE
119,0.0,2026-07-08 12:26:35.875521,2026-07-08 12:26:41.543451,0 days 00:00:05.667930,447.26281510275226,931.4013798231255,74.38586063115909,-324.41871142754775,-174.70525464895502,-212.35734799290873,37.86414179872117,-685.2516707601924,,COMPLETE
120,0.0,2026-07-08 12:26:41.587327,2026-07-08 12:26:47.620800,0 days 00:00:06.033473,355.2949566320889,889.5553137495353,-69.07855188114758,-488.6118675261625,405.4361907334284,124.98134934358795,-274.7270583856777,485.5460066819019,,COMPLETE
121,0.0,2026-07-08 12:26:47.647609,2026-07-08 12:26:52.719232,0 days 00:00:05.071623,825.6705754360573,766.6519207002736,-537.9145787913722,-208.7516097738927,-99.90385642919615,-237.67636585057613,198.09497193647752,422.5934863661414,,COMPLETE
122,0.0,2026-07-08 12:26:52.752337,2026-07-08 12:26:57.819310,0 days 00:00:05.066973,895.4011674574149,-801.1232281264166,-618.8763999047296,-159.7758403814123,-140.9566031085714,-319.2601587770937,-478.1226675714667,359.5309988730139,,COMPLETE
123,0.0,2026-07-08 12:26:57.846070,2026-07-08 12:27:03.013343,0 days 00:00:05.167273,937.2677249254248,585.6102185587052,-420.12684312378957,-94.08886842175926,-209.47154978673137,-274.5847553854042,114.42540089199521,244.0971294001456,,COMPLETE
124,0.0,2026-07-08 12:27:03.049836,2026-07-08 12:27:08.016172,0 days 00:00:04.966336,746.0852763407163,954.2523141037858,-702.8144074258764,-186.0117777271431,-300.83061761117375,-190.84289847552887,144.6860499319641,481.30966142486056,,COMPLETE
125,0.0,2026-07-08 12:27:08.042885,2026-07-08 12:27:12.997384,0 days 00:00:04.954499,663.2367836916305,994.5083640866455,-472.91113815733917,-48.44653680568655,-366.5638775747457,-4.496691849169949,310.4208686420252,-345.10884093155585,,COMPLETE
126,0.0,2026-07-08 12:27:13.021782,2026-07-08 12:27:17.964805,0 days 00:00:04.943023,152.18362044157126,477.4844730424942,14.143278898673259,-125.64304083287698,-249.64142950601735,98.78375923558576,211.8960646896677,88.24359361999674,,COMPLETE
127,0.0,2026-07-08 12:27:17.982509,2026-07-08 12:27:23.112927,0 days 00:00:05.130418,-9.18025962954249,137.1550422447484,-342.5512343168164,-15.17583541668193,-21.407476904258246,238.99726790670294,272.4569575460692,-142.9688476764253,,COMPLETE
128,0.0,2026-07-08 12:27:23.136032,2026-07-08 12:27:28.477881,0 days 00:00:05.341849,786.7731320239143,856.6647578646948,-277.3003043492498,-73.2744589934619,31.35413960047839,173.2343803273434,-161.63141636815436,293.50729081901216,,COMPLETE
129,0.0,2026-07-08 12:27:28.510744,2026-07-08 12:27:33.884135,0 days 00:00:05.373391,119.64486685278474,-668.8068357430562,-422.21635975110985,-404.6639771073351,-221.28205650124502,58.44445516434557,427.81537518084303,-54.67740937456591,,COMPLETE
130,0.0,2026-07-08 12:27:33.910878,2026-07-08 12:27:39.182445,0 days 00:00:05.271567,701.0669910597765,-761.7290220259945,-119.82043426566486,417.64139010246174,-77.29476106502284,-252.98574181687067,159.95919728616104,847.4133571254268,,COMPLETE
131,2.0,2026-07-08 12:27:39.208570,2026-07-08 12:27:44.397805,0 days 00:00:05.189235,259.30781623284446,324.0392608357872,-280.0064325172133,349.06229508090917,352.6238958389708,-218.25524473021068,-63.71312631247335,380.9767739137607,,COMPLETE
132,1.0,2026-07-08 12:27:44.438695,2026-07-08 12:27:49.446273,0 days 00:00:05.007578,252.9659213867666,325.7625247911601,-216.49460366147264,331.6847794413375,484.3244028636056,-260.6509122110536,-33.56596790937453,393.2737113088259,,COMPLETE
133,0.0,2026-07-08 12:27:49.478821,2026-07-08 12:27:54.727785,0 days 00:00:05.248964,251.46418637382504,376.1891261902273,-290.70951583284875,369.5873496586668,495.2901008405993,-226.5912619811084,-56.49976413787263,350.440285371367,,COMPLETE
134,0.0,2026-07-08 12:27:54.754360,2026-07-08 12:27:59.897855,0 days 00:00:05.143495,-564.6968072436132,114.53799554867209,-214.64115120206225,341.36459861210597,449.69415544339296,-168.3000586782801,-19.350014115605774,393.08352169040427,,COMPLETE
135,5.0,2026-07-08 12:27:59.943187,2026-07-08 12:28:04.967346,0 days 00:00:05.024159,320.7827116505167,316.96391035742425,-167.54717021087095,388.6981872076408,388.7405280287291,-309.38961636386546,-74.85781208136538,460.99168410309704,,COMPLETE
136,4.0,2026-07-08 12:28:05.004080,2026-07-08 12:28:11.063097,0 days 00:00:06.059017,186.23166565407172,238.03864546615605,-188.0418716241731,310.23367134421915,471.0710535483627,-299.6281399378655,-76.89185818361653,188.55745557691588,,COMPLETE
137,0.0,2026-07-08 12:28:11.097963,2026-07-08 12:28:16.749694,0 days 00:00:05.651731,182.90620068465938,260.6831367886084,-162.26479596109942,323.1365652565742,469.91554405564386,-308.1646589805846,-103.55567346811314,132.3506312478181,,COMPLETE
138,3.0,2026-07-08 12:28:16.780119,2026-07-08 12:28:22.668000,0 days 00:00:05.887881,304.1493613575769,404.21298108610637,-88.62489141161171,387.5768992791521,397.6677213618919,-284.341663993666,-77.63389557989785,210.18283274968675,,COMPLETE
139,3.0,2026-07-08 12:28:22.698965,2026-07-08 12:28:28.032115,0 days 00:00:05.333150,370.57931064629554,318.2901973475694,-81.6816010047433,384.21532766276545,404.3863573036997,-332.2686685578937,-79.06897236892748,216.78808302010094,,COMPLETE
140,0.0,2026-07-08 12:28:28.061873,2026-07-08 12:28:33.155292,0 days 00:00:05.093419,356.47924025018415,326.3850084268382,-88.41484372949559,394.4298056551133,400.8806816741763,-344.3527361019351,-44.38320606595119,199.67186645350068,,COMPLETE
141,9.0,2026-07-08 12:28:33.180134,2026-07-08 12:28:38.267648,0 days 00:00:05.087514,299.9562169222752,310.30491617019686,-131.67091515077448,356.4734847712949,351.09628827843784,-288.38683227344836,-76.32184472631263,249.8403923718281,,COMPLETE
142,4.0,2026-07-08 12:28:38.317246,2026-07-08 12:28:43.548093,0 days 00:00:05.230847,312.45396369395434,313.16609759574067,-233.50498109374854,363.7985349015214,352.1889173224776,-328.1003165548245,-83.37653676942631,268.2235226827102,,COMPLETE
143,4.0,2026-07-08 12:28:43.586221,2026-07-08 12:28:48.564235,0 days 00:00:04.978014,286.40094104920587,308.6231031685767,-235.63055152405965,365.74766835818525,348.8267016815709,-365.12938022804235,-75.42324009826716,258.59972686554283,,COMPLETE
144,2.0,2026-07-08 12:28:48.601320,2026-07-08 12:28:53.961223,0 days 00:00:05.359903,299.53870221182046,324.4218413700674,-225.15955440915582,366.17853070583845,345.0441703578886,-359.07673274960763,-70.8985714036844,279.25585726463896,,COMPLETE
145,5.0,2026-07-08 12:28:53.990877,2026-07-08 12:28:59.364851,0 days 00:00:05.373974,313.00144854833843,312.20983866939486,-213.90089154628964,358.8977798303853,348.34090831801115,-321.7033871590151,-82.62124585742166,259.4977187525504,,COMPLETE
146,5.0,2026-07-08 12:28:59.401149,2026-07-08 12:29:04.627461,0 days 00:00:05.226312,302.67528402041006,308.70318884577506,-189.48615682870968,361.8760221591917,348.1106347642722,-327.9467442131488,-73.17152301847483,277.1860501855782,,COMPLETE
147,7.0,2026-07-08 12:29:04.663239,2026-07-08 12:29:09.925613,0 days 00:00:05.262374,301.48586713102884,310.2524186388481,-192.04391826850497,382.7983164909789,337.35174165214215,-355.9338683700636,-70.72928991739624,252.80313727865575,,COMPLETE
148,3.0,2026-07-08 12:29:10.030255,2026-07-08 12:29:15.546865,0 days 00:00:05.516610,303.74048808285085,299.0882042799589,-241.05575576469403,352.81352760083746,332.04100780948204,-362.79736911598224,-71.38339413628246,269.4761645516615,,COMPLETE
149,10.0,2026-07-08 12:29:15.580696,2026-07-08 12:29:20.825018,0 days 00:00:05.244322,283.578053746536,307.0683198889834,-227.18701201495952,350.54851502397736,353.8275266201388,-360.3146148689526,-73.69189020889806,258.75105216902716,,COMPLETE
150,13.0,2026-07-08 14:46:56.676995,2026-07-08 14:47:04.993844,0 days 00:00:08.316849,269.46637797947216,287.37549712784056,-131.60004105893447,83.10820852745206,-471.7782392345852,-121.75456483424807,-74.38995609381641,998.4993982155488,"{'V3': -121.75456483424807, 'V6': -74.38995609381641, 'V9': 998.4993982155488, 'V10': 269.46637797947216, 'V11': 287.37549712784056, 'V12': -131.60004105893447, 'V15': 83.10820852745206, 'V18': -471.7782392345852}",COMPLETE
151,0.0,2026-07-08 14:47:05.046683,2026-07-08 14:47:12.664983,0 days 00:00:07.618300,315.97050205203493,297.1900594096142,-248.65368042707232,525.8925722957173,583.5121543881661,-517.0151963137318,-125.38151782103114,255.2166780638978,,COMPLETE
152,0.0,2026-07-08 14:47:12.738678,2026-07-08 14:47:20.765001,0 days 00:00:08.026323,305.49878207400013,422.56563493863297,-201.1447976530148,935.0999148611708,-848.2797319261098,-804.182243519571,-79.3114299844711,182.54635945507567,,COMPLETE
153,0.0,2026-07-08 14:47:20.863810,2026-07-08 14:47:28.208065,0 days 00:00:07.344255,388.8738805155129,303.82742801414616,-148.09837246616337,273.7574376591877,811.2539880296348,-540.853330208845,-141.50724238164048,328.2718158925735,,COMPLETE
154,0.0,2026-07-08 14:47:28.245873,2026-07-08 14:47:36.294888,0 days 00:00:08.049015,210.1629665350404,228.7380419126162,-136.56313320228165,229.10084979953837,582.7216505876027,-380.97014208074404,-99.53156992384797,279.3652836811104,,COMPLETE
155,0.0,2026-07-08 14:47:36.331913,2026-07-08 14:47:43.767506,0 days 00:00:07.435593,362.7738045258877,376.9481623248664,-181.6664933657878,512.5768081220302,555.9095044942351,-561.6797480085911,-192.24477851575233,251.33604832632506,,COMPLETE
156,0.0,2026-07-08 14:47:43.792849,2026-07-08 14:47:51.520632,0 days 00:00:07.727783,288.1560240232443,265.7183314539309,-283.1991327236246,571.8914947008421,346.09733746848167,996.0876406842093,-70.93264345335004,227.04585020000818,,COMPLETE
157,0.0,2026-07-08 14:47:51.555935,2026-07-08 14:47:58.825250,0 days 00:00:07.269315,334.83618006287264,407.18746097501804,-248.0812736959118,584.5295730713643,308.55364346890116,-439.23340310148075,-155.57284961325445,158.07116267702972,,COMPLETE
158,0.0,2026-07-08 14:47:58.862597,2026-07-08 14:48:05.683040,0 days 00:00:06.820443,219.52856957124948,190.09133210486345,-46.885612684497346,546.6941092966415,534.1505078275885,-354.8191199664696,820.4773338992792,298.0943648194995,,COMPLETE
159,0.0,2026-07-08 14:48:05.728467,2026-07-08 14:48:13.933715,0 days 00:00:08.205248,421.53396871106594,307.2607192557726,-110.15911250169219,656.1435155555048,235.6833438080044,-596.1479884727765,-625.2758317612855,193.43970308960127,,COMPLETE
160,1.0,2026-07-08 14:48:13.962790,2026-07-08 14:48:21.600315,0 days 00:00:07.637525,271.15823105512806,350.72839513278774,-180.8767292567079,-642.7426420665233,358.5239174982994,-403.94322933671975,-108.79547026956962,336.87498417622015,,COMPLETE
161,2.0,2026-07-08 14:48:21.654810,2026-07-08 14:48:29.355475,0 days 00:00:07.700665,271.70716583223606,336.3978449254248,-245.93295464552318,355.4951470313861,270.396913750858,-277.8751232260985,-10.533215204760594,232.50640949135916,,COMPLETE
162,1.0,2026-07-08 14:48:29.392384,2026-07-08 14:48:37.681071,0 days 00:00:08.288687,315.3183678189278,250.10635863194423,-237.29753817294022,294.802762748992,281.06599689034834,-320.52582674318694,11.974014465007727,234.52455843976594,,COMPLETE
163,0.0,2026-07-08 14:48:37.720108,2026-07-08 14:48:45.330846,0 days 00:00:07.610738,246.9089207244182,443.2888895416365,-319.36568665288155,361.5576985631179,394.7508141684679,-373.0564684721836,-63.11172905734084,283.1513177659782,,COMPLETE
164,1.0,2026-07-08 14:48:45.368190,2026-07-08 14:48:53.074743,0 days 00:00:07.706553,370.30722741791084,165.6219759986473,-127.31977281708288,386.9755981076276,318.41123963006487,-286.36124841911305,-202.7323285055785,147.82486650073946,,COMPLETE
165,4.0,2026-07-08 14:48:53.112876,2026-07-08 14:49:00.544417,0 days 00:00:07.431541,170.982242634679,298.68395066895937,-191.83718798482874,255.60887870696047,357.2741140986662,-457.2287881713012,-884.0065376241007,212.2676519287449,,COMPLETE
166,0.0,2026-07-08 14:49:00.585494,2026-07-08 14:49:07.554679,0 days 00:00:06.969185,174.5013507999667,380.909091686108,-216.2018122603907,277.3359742519839,426.4476614780921,-439.691577350912,-965.8864103359383,208.1524481484276,,COMPLETE
167,2.0,2026-07-08 14:49:07.595771,2026-07-08 14:49:14.959205,0 days 00:00:07.363434,282.04584654660675,328.6647907735009,-280.9031317547499,-999.493648308575,349.08186016875493,-462.41044733631117,-133.34776823999013,61.79432475209484,,COMPLETE
168,1.0,2026-07-08 14:49:15.043174,2026-07-08 14:49:21.934650,0 days 00:00:06.891476,223.29369600634675,286.80544648552393,-167.75146279564166,201.65255057692474,380.8442397791017,-338.8212789408932,-717.2138352218885,119.99394580744571,,COMPLETE
169,0.0,2026-07-08 14:49:21.978568,2026-07-08 14:49:28.448569,0 days 00:00:06.470001,330.7578234614231,483.44706590319606,-77.20815440881792,320.44095565700513,257.35524490726266,-379.8341243162393,-865.658101922541,307.45641577254395,,COMPLETE
170,0.0,2026-07-08 14:49:28.487847,2026-07-08 14:49:34.904359,0 days 00:00:06.416512,411.0742083915094,225.12563026626293,-359.80913026027133,436.6575771713546,518.3356969617184,-292.70349234674984,828.4531398751931,255.4999970369409,,COMPLETE
171,7.0,2026-07-08 14:49:34.945608,2026-07-08 14:49:42.077109,0 days 00:00:07.131501,280.2703905686965,339.2546517784239,-274.31398639114394,363.18758687435275,335.3007705907104,-478.0156638337812,-125.3650999193077,185.2651637141172,,COMPLETE
172,1.0,2026-07-08 14:49:42.116813,2026-07-08 14:49:49.394467,0 days 00:00:07.277654,259.9133498199012,338.51727365400444,-254.07024912901448,358.6800358054051,315.2924377234235,-503.6332061789849,-22.048189450105795,191.0300719584479,,COMPLETE
173,6.0,2026-07-08 14:49:49.445240,2026-07-08 14:49:56.359883,0 days 00:00:06.914643,296.2243736351578,266.7598419264697,-191.59289784860957,251.03922814955294,-580.6984930783267,-602.5300819779231,-81.88727416528371,226.02057116744425,,COMPLETE
174,6.0,2026-07-08 14:49:56.404738,2026-07-08 14:50:03.933576,0 days 00:00:07.528838,311.34628401108733,273.9997546179339,-183.4921095034458,245.66072821752692,433.09686611195696,-399.19291021084126,-91.82098881369629,166.22595713066733,,COMPLETE
175,1.0,2026-07-08 14:50:03.971010,2026-07-08 14:50:10.676752,0 days 00:00:06.705742,365.35280077379514,276.9362766539985,-161.14642893892352,249.19379088893493,-586.0245809209363,-678.147111400165,-101.94185412876794,161.28712668795524,,COMPLETE
176,0.0,2026-07-08 14:50:10.770160,2026-07-08 14:50:17.117262,0 days 00:00:06.347102,195.57661055522294,394.70425269269873,-194.9051694813979,158.66623500764766,444.42823884114136,-410.10898996419166,650.1087549333412,89.30957575080998,,COMPLETE
177,0.0,2026-07-08 14:50:17.152716,2026-07-08 14:50:23.775438,0 days 00:00:06.622722,458.92609057955184,247.32216049876473,-126.61794641492676,303.1403557623751,-654.8146957631964,-636.6857037443422,-225.6589273059462,211.29280404687563,,COMPLETE
178,0.0,2026-07-08 14:50:23.815513,2026-07-08 14:50:30.718489,0 days 00:00:06.902976,332.78220570240086,170.9738915054038,-43.92000164092917,408.908851309194,406.12556155991166,-454.7563502163674,-170.27993522534166,134.6407873749629,,COMPLETE
179,1.0,2026-07-08 14:50:30.755293,2026-07-08 14:50:37.420482,0 days 00:00:06.665189,144.5442668236677,281.8405410277122,-308.29372224154633,260.3105653252226,-577.2929673551945,-328.7908526526559,-128.37901532050287,320.21255631446445,,COMPLETE
180,0.0,2026-07-08 14:50:37.451967,2026-07-08 14:50:43.961802,0 days 00:00:06.509835,239.51295477544758,444.964086795132,-96.17859023263247,442.21971657127284,372.5086174140467,-734.5122294228931,41.934809888803315,370.7099254977118,,COMPLETE
181,1.0,2026-07-08 14:50:44.005184,2026-07-08 14:50:50.748849,0 days 00:00:06.743665,306.56662168187904,309.06989224247064,-210.3133781243767,388.4424214395057,326.0649585849261,-392.1778910322254,-81.30810868980747,268.9221487144461,,COMPLETE
182,10.0,2026-07-08 14:50:50.787464,2026-07-08 14:50:57.081025,0 days 00:00:06.293561,291.54070467036195,245.6911267490508,-181.9236986775827,221.72602283863966,431.76317316017963,-357.0088395572822,-57.24308266803502,278.59227532930197,,COMPLETE
183,0.0,2026-07-08 14:50:57.117291,2026-07-08 14:51:03.340608,0 days 00:00:06.223317,396.4654163207018,214.45300928364222,-153.738220931108,216.9635279995633,434.94748441306444,-967.996362938763,-50.81995644575156,173.0463534008405,,COMPLETE
184,0.0,2026-07-08 14:51:03.378386,2026-07-08 14:51:10.157333,0 days 00:00:06.778947,222.92810468682245,368.7264974676292,-188.62036379375303,304.4724220456105,633.0789019602471,-213.83839607517115,13.615190806862756,237.47314199406372,,COMPLETE
185,0.0,2026-07-08 14:51:10.190006,2026-07-08 14:51:17.405466,0 days 00:00:07.215460,344.32079790878515,248.78126797621147,-270.0306548651672,185.83287176053062,399.9395544815433,-326.00354297244394,-157.0979505493171,204.83034394648928,,COMPLETE
186,3.0,2026-07-08 14:51:17.443826,2026-07-08 14:51:24.192064,0 days 00:00:06.748238,286.67792241104496,359.15999121602397,-118.87776196446889,255.60558578910369,504.90449476627145,-421.5899501201906,-102.03340054269009,348.3604737439481,,COMPLETE
187,5.0,2026-07-08 14:51:24.222384,2026-07-08 14:51:31.548075,0 days 00:00:07.325691,299.58443969794763,400.9927969126583,-90.33331497877361,238.1965961386997,468.65243609583536,-479.39781766317424,-131.23456193362907,335.4132019964821,,COMPLETE
188,5.0,2026-07-08 14:51:31.586816,2026-07-08 14:51:39.191542,0 days 00:00:07.604726,379.8332274519281,413.3420875013356,-12.59429508095053,224.8391197406471,462.7238554067308,-492.50252817762885,-188.90331822715854,294.9892068373786,,COMPLETE
189,0.0,2026-07-08 14:51:39.220544,2026-07-08 14:51:46.664970,0 days 00:00:07.444426,438.19573673705986,407.8876351498726,-39.22461273762515,225.86730633767087,469.4468630383716,-540.6145307208706,-177.1856963415098,320.80176566291806,,COMPLETE
190,0.0,2026-07-08 14:51:46.704120,2026-07-08 14:51:53.529754,0 days 00:00:06.825634,386.57946279100264,452.59927666466166,-6.974503651295421,168.80661242699244,625.3224814971137,-485.83656837700045,-126.74817114726753,123.08451568595851,,COMPLETE
191,6.0,2026-07-08 14:51:53.572827,2026-07-08 14:52:00.220903,0 days 00:00:06.648076,325.84507789943484,283.3876524399144,-67.89811665506495,295.15230974523945,441.06914836964467,-451.1790518092556,-76.72591479543715,270.0974848053443,,COMPLETE
192,3.0,2026-07-08 14:52:00.265793,2026-07-08 14:52:06.826762,0 days 00:00:06.560969,358.0879016217455,200.71292017289278,-79.81730009120851,291.1296652831469,443.16019549590686,-467.72602024441164,-37.369577611225736,248.2421223424139,,COMPLETE
193,0.0,2026-07-08 14:52:06.864454,2026-07-08 14:52:13.541277,0 days 00:00:06.676823,331.9350194412144,261.4194727338455,-148.0695606910544,313.1861211081347,998.832107809409,-594.354703862668,-111.60370761814167,294.8857293850849,,COMPLETE
194,0.0,2026-07-08 14:52:13.579993,2026-07-08 14:52:20.133994,0 days 00:00:06.554001,180.73510739805175,359.90336492386706,-73.32969715478347,252.65969043813365,-766.5950770932898,-515.2336369649397,-22.12456557019977,182.54741123839332,,COMPLETE
195,0.0,2026-07-08 14:52:20.170385,2026-07-08 14:52:26.772955,0 days 00:00:06.602570,238.01879382235057,289.7635613531038,27.281093980715752,278.46480148835013,386.57697647872,-446.7256435366919,-206.12735670985114,205.81523879206063,,COMPLETE
196,0.0,2026-07-08 14:52:26.814699,2026-07-08 14:52:33.392160,0 days 00:00:06.577461,301.6506643973969,508.05770892166765,-112.56000896979901,397.78558186303593,458.65822595449276,-403.6572391402956,-149.87737701725592,234.07644007029808,,COMPLETE
197,0.0,2026-07-08 14:52:33.434635,2026-07-08 14:52:40.131595,0 days 00:00:06.696960,394.6949086853832,409.15637620240796,-193.26133470474753,196.07035090401894,290.37839021443466,-576.3651753760189,-87.4043155753183,290.54938842442954,,COMPLETE
198,0.0,2026-07-08 14:52:40.172356,2026-07-08 14:52:46.970339,0 days 00:00:06.797983,267.9594006106145,240.3030536510975,-36.894167471486654,421.1345122158653,517.5243404751537,-355.12316076951953,-558.412202321703,159.86704960150252,,COMPLETE
199,0.0,2026-07-08 14:52:47.009634,2026-07-08 14:52:53.483758,0 days 00:00:06.474124,329.6553933706276,151.9089884182311,-159.6063463625028,325.1574145055874,400.82753114727774,-299.43591324113106,14.572038761157295,340.8345231394312,,COMPLETE
200,0.0,2026-07-08 14:52:53.516607,2026-07-08 14:53:00.178792,0 days 00:00:06.662185,203.55089017547718,207.00970837027702,-90.800630130553,463.38819702206604,-992.7832422679243,-426.00511815282584,-48.04040387157674,70.81825742713973,,COMPLETE
201,2.0,2026-07-08 14:53:00.211529,2026-07-08 14:53:07.393228,0 days 00:00:07.181699,311.43019164189155,320.398352241119,-220.3557895230165,338.1344409805258,353.7215241230306,-362.50730620674443,-78.63105044387656,263.4669195214854,,COMPLETE
202,4.0,2026-07-08 14:53:07.442457,2026-07-08 14:53:14.786236,0 days 00:00:07.343779,358.0933099595943,297.1240469161864,-182.65374431614185,376.7707203223807,431.04609035203293,-384.28221226815083,-121.35516261184485,226.95921885191967,,COMPLETE
203,3.0,2026-07-08 14:53:14.826306,2026-07-08 14:53:22.056056,0 days 00:00:07.229750,361.4390412338628,279.9743392691696,-137.70594571293276,232.69836556088944,477.1424581411379,-510.35046695834455,-116.16863849598349,222.8274726866042,,COMPLETE
204,1.0,2026-07-08 14:53:22.096246,2026-07-08 14:53:28.662612,0 days 00:00:06.566366,266.16612276246974,359.4753096458655,-190.18751003433985,379.8404746343764,552.9112920849481,-396.9416652364443,-146.21932362671106,179.8383495014831,,COMPLETE
205,0.0,2026-07-08 14:53:28.704604,2026-07-08 14:53:35.291951,0 days 00:00:06.587347,467.11838800259477,298.0935124524092,-127.46641585135328,277.58732475981094,419.1217506312489,-276.11744433363094,-45.526823479699644,299.5731087111231,,COMPLETE
206,0.0,2026-07-08 14:53:35.339377,2026-07-08 14:53:42.027419,0 days 00:00:06.688042,392.9103330831797,394.08170243713863,-176.26243895041438,145.5135924207705,438.72977581613935,-476.71714192922184,-12.183527808768417,252.74595138777332,,COMPLETE
207,1.0,2026-07-08 14:53:42.070956,2026-07-08 14:53:48.659109,0 days 00:00:06.588153,349.8037054832028,242.9953898022315,-64.37286599123105,325.44397256840426,375.7501958151089,-308.43167688679233,-195.81573617261105,131.3704539057698,,COMPLETE
208,3.0,2026-07-08 14:53:48.691621,2026-07-08 14:53:55.786786,0 days 00:00:07.095165,231.53672203059782,352.9208667847064,-223.50909158226972,401.80263285915476,301.39790911588807,-340.22056832052635,-105.65583459231281,212.65222757252138,,COMPLETE
209,0.0,2026-07-08 14:53:55.829647,2026-07-08 14:54:02.748554,0 days 00:00:06.918907,285.0531683579926,443.1535485042057,-6.785998185435696,447.2752095790076,484.68743383747335,-250.61854743190236,-163.60450344936527,325.88306868782684,,COMPLETE
210,0.0,2026-07-08 14:54:02.780843,2026-07-08 14:54:09.476436,0 days 00:00:06.695593,413.2119289984541,266.10079270309905,-320.7920333471591,307.70898292198405,244.31767807443362,-416.4565950857333,-75.21798381099627,429.80446133523014,,COMPLETE
211,5.0,2026-07-08 14:54:09.517068,2026-07-08 14:54:16.527055,0 days 00:00:07.009987,308.59629318118647,306.57267320869835,-250.31113517495984,363.8882018126703,353.35819292535757,-370.35865840571756,-67.38559148341403,274.53866539677534,,COMPLETE
212,4.0,2026-07-08 14:54:16.552807,2026-07-08 14:54:23.568163,0 days 00:00:07.015356,303.30803551352426,328.17601337540896,-256.8407831716855,383.19577855542434,412.49434760703264,-384.0735125863358,-41.336854194774375,276.5377185541138,,COMPLETE
213,3.0,2026-07-08 14:54:23.607942,2026-07-08 14:54:30.927113,0 days 00:00:07.319171,279.5227042992075,341.2803204219626,-264.3437267628014,356.8809869216169,379.06870518231,-382.5549916902218,-31.24934353429977,279.32495855601667,,COMPLETE
214,15.0,2026-07-08 14:54:30.961673,2026-07-08 14:54:37.636238,0 days 00:00:06.674565,323.78178618456144,302.2913536198407,-211.15498565148823,233.0093842834306,330.62893754323636,-444.0980065317684,-8.421191627412682,256.270779161992,,COMPLETE
215,0.0,2026-07-08 14:54:37.684072,2026-07-08 14:54:44.257772,0 days 00:00:06.573700,328.7385896619238,217.83406181413346,-230.33443408671897,217.179145740583,313.86136267941816,-469.6928526867234,44.82963695794418,359.2379960997496,,COMPLETE
216,9.0,2026-07-08 14:54:44.295549,2026-07-08 14:54:51.034812,0 days 00:00:06.739263,239.95401984590077,295.16828543195993,-297.98750697850255,261.25720168244015,346.2159769460986,-438.4353490181203,-7.892561119415028,295.4751621986071,,COMPLETE
217,3.0,2026-07-08 14:54:51.072437,2026-07-08 14:54:58.552353,0 days 00:00:07.479916,136.69065308603382,279.45970300166357,-350.27271211937955,276.71940363028625,338.94680529790975,-456.78093927049935,2.4704734662516614,328.42250828292373,,COMPLETE
218,13.0,2026-07-08 14:54:58.593415,2026-07-08 14:55:06.103414,0 days 00:00:07.509999,182.99518437626148,177.0793510639432,-290.62918234434926,244.27680524201034,269.7829636697021,-532.2913849098536,-119.07038728310599,244.62787833131773,,COMPLETE
219,0.0,2026-07-08 14:55:06.140230,2026-07-08 14:55:13.392369,0 days 00:00:07.252139,177.85499773027257,181.86934371228904,-320.351928053788,185.7687680532308,277.86726521437447,-637.7360272310019,993.0804142848783,304.3784497852055,,COMPLETE
220,29.0,2026-07-08 14:55:13.456342,2026-07-08 14:55:20.607977,0 days 00:00:07.151635,228.51750855501234,241.2583589686276,-288.4247272237401,252.94668230081237,199.05759223035332,-482.86880439937505,32.791174103779014,397.0513536375531,,COMPLETE
221,60.0,2026-07-08 14:55:20.649358,2026-07-08 14:55:27.188993,0 days 00:00:06.539635,230.71760737025187,247.58372505831727,-281.8902035685049,215.04460486434516,209.1952491521359,-541.4730811524453,31.265584738916395,411.7746080145201,,COMPLETE
222,2.0,2026-07-08 14:55:27.228310,2026-07-08 14:55:35.326939,0 days 00:00:08.098629,228.31339029847828,224.81528080503472,-314.54415819699,129.96980382406565,286.2695528216722,-552.7406835780163,74.5494528530705,404.17253009090194,,COMPLETE
223,0.0,2026-07-08 14:55:35.366550,2026-07-08 14:55:42.195012,0 days 00:00:06.828462,255.34969004240747,184.0905773755847,-290.99201572149025,221.6982692218853,207.74911925483764,-627.1475823260935,23.677041654731624,449.2393857067624,,COMPLETE
224,4.0,2026-07-08 14:55:42.229417,2026-07-08 14:55:49.112452,0 days 00:00:06.883035,211.9477525114648,253.21914650855538,-279.3485776633596,239.5416865399439,197.27154600878075,-514.3976136645999,-12.322459855928784,346.6476844058792,,COMPLETE
225,0.0,2026-07-08 14:55:49.177964,2026-07-08 14:55:55.776306,0 days 00:00:06.598342,245.35539321770972,111.21428856742457,-377.686565520641,169.05116965688507,260.78227832264935,-541.1913587900272,62.68894135121826,388.8812347970118,,COMPLETE
226,21.0,2026-07-08 14:55:55.833047,2026-07-08 14:56:02.498787,0 days 00:00:06.665740,267.97280536404196,255.57356928235123,-244.6356144072266,290.45195071980373,314.8521265440546,-507.16844707939043,-56.90488417072936,266.6882434179094,,COMPLETE
227,7.0,2026-07-08 14:56:02.561376,2026-07-08 14:56:10.500661,0 days 00:00:07.939285,204.6382614234179,243.026428226291,-289.39843150692116,288.05082327283867,316.15218006509184,-503.5645146328992,-238.57450127708668,375.07709936843935,,COMPLETE
228,0.0,2026-07-08 14:56:10.536664,2026-07-08 14:56:17.151467,0 days 00:00:06.614803,93.48580682216135,151.06863046670583,-359.8045137740171,266.95621279936324,233.91385083953043,-593.7771018044671,-231.77415933795578,383.16930377162936,,COMPLETE
229,11.0,2026-07-08 14:56:17.186372,2026-07-08 14:56:23.955844,0 days 00:00:06.769472,195.0628808300806,225.3291496592861,-304.11932358014013,199.53675931601765,309.0367490759321,-504.87051466112774,-272.82743322298705,436.5355958898096,,COMPLETE
230,3.0,2026-07-08 14:56:23.994229,2026-07-08 14:56:30.712178,0 days 00:00:06.717949,205.39240380565207,206.7136081589047,-285.6208679954538,199.3792891990081,303.41880496232744,-507.50068979584756,-267.7091141273901,498.4282876008451,,COMPLETE
231,2.0,2026-07-08 14:56:30.749682,2026-07-08 14:56:37.470041,0 days 00:00:06.720359,154.61705556315596,254.67465934675158,-342.0332820988026,295.56266679973413,317.68865718848065,-543.9572782936751,-230.74971560542645,454.3556760808086,,COMPLETE
232,33.0,2026-07-08 14:56:37.531626,2026-07-08 14:56:44.166923,0 days 00:00:06.635297,247.37351568805585,235.72632048882684,-300.8998609873588,102.77713650074473,232.4793435685105,-473.90050816373207,-178.4174848214704,424.4618542411472,,COMPLETE
233,14.0,2026-07-08 14:56:44.198790,2026-07-08 14:56:50.991724,0 days 00:00:06.792934,251.11425483702274,191.16077408776886,-299.2903561591951,100.16258609155923,213.76539065223392,-505.35225435600415,-167.60858060082415,422.5974952805861,,COMPLETE
234,0.0,2026-07-08 14:56:51.023932,2026-07-08 14:56:58.025860,0 days 00:00:07.001928,238.3931650674455,172.07798532609638,-308.0177976441653,109.82495165183488,169.5282752187204,-514.7138485379127,-304.7666238856481,433.828922315906,,COMPLETE
235,15.0,2026-07-08 14:56:58.068457,2026-07-08 14:57:04.639099,0 days 00:00:06.570642,267.86731000615396,214.60252685730785,-400.060730927546,181.00222258111364,224.8653689428873,-487.04533441974814,-184.20910726801657,410.59984416169215,,COMPLETE
236,0.0,2026-07-08 14:57:04.673328,2026-07-08 14:57:11.425856,0 days 00:00:06.752528,255.64968033412896,200.30492692575274,-353.2889592127964,142.9391293287174,245.5906486021204,-569.5296173547073,-252.64767965484234,413.5353648383648,,COMPLETE
237,5.0,2026-07-08 14:57:11.464680,2026-07-08 14:57:18.275719,0 days 00:00:06.811039,224.85406416067917,228.12237557427798,-386.84751972430206,89.05046121015067,219.93930398210765,-493.40042467024506,-160.13252580147378,507.03310432455686,,COMPLETE
238,0.0,2026-07-08 14:57:18.339500,2026-07-08 14:57:24.844045,0 days 00:00:06.504545,270.5705594668611,138.97081155443263,-293.92775694886944,160.78301879369224,207.7291636091987,-538.3288617048097,-194.02749961963474,464.9424173489568,,COMPLETE
239,3.0,2026-07-08 14:57:24.882936,2026-07-08 14:57:31.780828,0 days 00:00:06.897892,117.79281257171033,78.55786457039225,-399.4007283865321,80.22786505630006,267.3462140302503,-442.95855996573584,-138.4510310010982,403.2678849786622,,COMPLETE
240,0.0,2026-07-08 14:57:31.851728,2026-07-08 14:57:38.578991,0 days 00:00:06.727263,206.13664257716985,260.04873956748924,-427.9990200952134,199.52783370971733,179.75450663508678,-602.3291540135626,-126.43410654711724,430.542679087219,,COMPLETE
241,6.0,2026-07-08 14:57:38.615754,2026-07-08 14:57:44.986228,0 days 00:00:06.370474,271.2825299188576,261.6698518573681,-266.21906348836035,231.46887083750522,295.99306298915775,-486.4951070470431,-182.20577381560022,364.60359690687244,,COMPLETE
242,7.0,2026-07-08 14:57:45.052996,2026-07-08 14:57:51.715321,0 days 00:00:06.662325,262.4289695627277,261.5567208517504,-274.80267954399426,239.88127537468796,291.0600935809979,-491.6125248631889,-177.54379281670876,377.3435027760422,,COMPLETE
243,3.0,2026-07-08 14:57:51.781011,2026-07-08 14:57:58.480408,0 days 00:00:06.699397,257.7315051002956,260.34699971978523,-270.2647336155226,132.36978047561706,287.78169832453614,-439.77774315980236,-269.3030992674819,374.79886379509,,COMPLETE
244,0.0,2026-07-08 14:57:58.602681,2026-07-08 14:58:05.192587,0 days 00:00:06.589906,161.2978778865562,213.92890331008064,-221.77891204881297,183.59627566864657,245.22135807727,-531.0030793203713,-222.07867895587088,471.4790121783799,,COMPLETE
245,7.0,2026-07-08 14:58:05.262863,2026-07-08 14:58:12.289417,0 days 00:00:07.026554,201.83986092316587,188.54257277727555,-310.6990310393654,248.90023011742693,-541.5125839285425,-489.37879168978816,-172.28179545716407,531.8554842247275,,COMPLETE
246,3.0,2026-07-08 14:58:12.324443,2026-07-08 14:58:19.442151,0 days 00:00:07.117708,189.50734778695062,189.4594233039069,-330.5041668393342,257.03017135013425,-689.2408794929755,-484.4298894218623,-179.88201396754602,540.2590140074175,,COMPLETE
247,0.0,2026-07-08 14:58:19.490704,2026-07-08 14:58:26.537424,0 days 00:00:07.046720,217.52191704162118,145.504769846004,-300.4334194745475,211.01323633413594,304.27614010757554,-563.3919539109419,-229.3896368676356,407.42247150941535,,COMPLETE
248,14.0,2026-07-08 14:58:26.570575,2026-07-08 14:58:34.243505,0 days 00:00:07.672930,259.67042845728844,243.1881081865404,-270.3047392954164,279.23675508319053,-569.7802667179262,-435.0584809100764,-170.35814494866042,460.06429754129,,COMPLETE
249,9.0,2026-07-08 14:58:34.480315,2026-07-08 14:58:41.814828,0 days 00:00:07.334513,250.36991510230976,225.9239150773533,-340.795317512882,270.03657118282644,-558.3264659866317,-440.55700665907654,-184.51322303922652,478.1811452345452,,COMPLETE
250,10.0,2026-07-08 14:58:41.858261,2026-07-08 14:58:48.754912,0 days 00:00:06.896651,249.25146697525543,227.49246345844588,-333.5401693031764,259.65567478654623,-549.9617494955345,-450.6156420650782,-193.21438396954096,516.9873641051482,,COMPLETE
251,1.0,2026-07-08 14:58:48.790840,2026-07-08 14:58:55.692416,0 days 00:00:06.901576,171.27265552582384,173.28331766550718,-341.31103356635765,279.3964850711636,-533.3791950791668,-435.8853745687479,-324.02377830406095,588.4560128170913,,COMPLETE
252,0.0,2026-07-08 14:58:55.733046,2026-07-08 14:59:03.487912,0 days 00:00:07.754866,216.9290383014226,225.39244311961616,-384.8545722801776,168.98797923329843,-605.0849814985183,-453.82309960820527,-267.91352408258905,519.7741903996979,,COMPLETE
253,0.0,2026-07-08 14:59:03.528870,2026-07-08 14:59:11.596659,0 days 00:00:08.067789,139.49365800496668,103.33719344032019,-350.1710908788783,263.25020435841657,-607.5417323321669,-520.1058066767239,-212.2649389238939,467.57227835795413,,COMPLETE
254,28.0,2026-07-08 14:59:11.628910,2026-07-08 14:59:19.428066,0 days 00:00:07.799156,244.42409820667632,197.48442347343453,-329.5077610084517,200.96568427130117,-522.1257272651576,-484.02800094075343,-178.94764930800477,437.3102353993809,,COMPLETE
255,0.0,2026-07-08 14:59:19.470380,2026-07-08 14:59:26.870777,0 days 00:00:07.400397,246.21064623934183,184.92575350962903,-318.3082485434169,117.11150617974599,-531.1710403292557,-673.4191715460554,-167.49717216981497,564.2031035998311,,COMPLETE
256,0.0,2026-07-08 14:59:26.916170,2026-07-08 14:59:34.645364,0 days 00:00:07.729194,195.31080474449342,57.16857790095182,-424.88896328125844,40.85007363242278,-542.8219026940338,-566.2093291175244,-242.1854805090544,492.1460044762403,,COMPLETE
257,0.0,2026-07-08 14:59:34.684230,2026-07-08 14:59:42.117858,0 days 00:00:07.433628,249.3481063537425,140.89223327534827,-305.6150079065701,191.2726276895283,-511.33916550654766,-488.5870431311263,-197.0172828796581,431.6053112837866,,COMPLETE
258,3.0,2026-07-08 14:59:42.154541,2026-07-08 14:59:49.591569,0 days 00:00:07.437028,225.5001277655892,219.75996770087485,-368.9973280753316,218.00134253025084,-564.183576977056,-422.3372349275983,-280.3567842216038,538.2471155362432,,COMPLETE
259,0.0,2026-07-08 14:59:49.638551,2026-07-08 14:59:56.414361,0 days 00:00:06.775810,53.19514267870201,224.5892192770714,-283.14191634524633,159.90890905602927,-635.6533241415575,-523.5417117381239,-170.2908783550063,435.6056754355737,,COMPLETE
260,9.0,2026-07-08 14:59:56.489620,2026-07-08 15:00:03.851181,0 days 00:00:07.361561,168.31388539422036,175.94851485424888,-331.1354126990671,240.8227606275011,-630.6510069810503,-473.4125839079039,-143.92475050556172,520.5264042274392,,COMPLETE
261,0.0,2026-07-08 15:00:03.920395,2026-07-08 15:00:11.072280,0 days 00:00:07.151885,160.18690216922283,181.9652182965687,-336.5628540546294,85.89540849208782,-675.5845205834785,-474.4409977311599,-212.6136994341631,516.6214885596337,,COMPLETE
262,0.0,2026-07-08 15:00:11.110325,2026-07-08 15:00:17.834117,0 days 00:00:06.723792,184.47152550977742,124.68848322429326,-397.60020597921124,238.55472887170595,-558.6945377636084,-564.3901143689106,-157.24843002819128,489.9897447322899,,COMPLETE
263,2.0,2026-07-08 15:00:17.872653,2026-07-08 15:00:24.273062,0 days 00:00:06.400409,104.45790690888242,151.70407227053886,-260.97635079765394,291.10482357263993,-625.454767626833,-511.26367453351656,-135.7973781706553,474.803310118843,,COMPLETE
264,0.0,2026-07-08 15:00:24.307597,2026-07-08 15:00:31.492467,0 days 00:00:07.184870,263.6130668959902,240.1928596361099,-309.452160207055,140.51576623138897,-555.7149209392372,-609.7224011570562,-244.76867265884766,398.47930296034394,,COMPLETE
265,1.0,2026-07-08 15:00:31.551110,2026-07-08 15:00:38.229362,0 days 00:00:06.678252,126.26563811771288,195.73333572864811,-366.8892139047516,200.48344164920223,-707.7544522550421,-448.4746957499983,-188.7448917490853,553.5123700227247,,COMPLETE
266,13.0,2026-07-08 15:00:38.265567,2026-07-08 15:00:46.570824,0 days 00:00:08.305257,201.6004785427882,241.1501613283842,-330.39885049798363,260.586208043468,-503.32619977077167,-481.9044103319955,-129.412360952531,432.55862142790573,,COMPLETE
267,0.0,2026-07-08 15:00:46.602741,2026-07-08 15:00:55.040844,0 days 00:00:08.438103,189.4650989926302,164.41464138697117,-337.90110601509855,318.8273942640112,-496.58931024862227,-483.35937698291025,-349.8540545012504,440.1300685412175,,COMPLETE
268,5.0,2026-07-08 15:00:55.092171,2026-07-08 15:01:03.905344,0 days 00:00:08.813173,222.58091140036672,239.75268510028693,-411.9888940606066,274.2553087862416,-477.01182667406727,-434.66384533202245,-150.4187389723117,607.3815198425859,,COMPLETE
269,0.0,2026-07-08 15:01:03.944851,2026-07-08 15:01:13.388817,0 days 00:00:09.443966,167.79032272890774,207.23668973986128,-303.3193592359352,180.50072575129172,-524.9231362130117,-535.8000423478464,-223.04302175815394,378.44878675421387,,COMPLETE
270,4.0,2026-07-08 15:01:13.427536,2026-07-08 15:01:22.961265,0 days 00:00:09.533729,244.29594000729776,106.70612463221204,-468.37416827163776,224.96733768277838,215.24299004332943,-420.5455590812061,-126.25858020874131,498.1407908210709,,COMPLETE
271,0.0,2026-07-08 15:01:22.998292,2026-07-08 15:01:30.431889,0 days 00:00:07.433597,205.2735604250061,267.0790753705096,-258.44068044425603,106.45714538026571,143.28673607801764,685.5310648301902,-289.13946580629045,411.7640878043031,,COMPLETE
272,19.0,2026-07-08 15:01:30.461536,2026-07-08 15:01:38.092814,0 days 00:00:07.631278,144.36199516189444,189.4457077884531,-375.1925505905159,308.20717517019824,-442.20221873609444,-491.31673274469637,-188.71122550525314,458.997951544382,,COMPLETE
273,2.0,2026-07-08 15:01:38.131938,2026-07-08 15:01:45.615019,0 days 00:00:07.483081,138.32750812266835,231.72045086778303,-366.3334074171299,323.27184295326356,-432.48686828741836,-465.77386211139196,-123.13128103884684,458.83370173132823,,COMPLETE
274,0.0,2026-07-08 15:01:45.644408,2026-07-08 15:01:53.827913,0 days 00:00:08.183505,90.41883573608959,154.4214328043116,-387.8021483266263,271.7729115025777,-467.96625850867,-510.88126101666506,-205.7808128615876,381.79660662017875,,COMPLETE
275,6.0,2026-07-08 15:01:53.865723,2026-07-08 15:02:00.851846,0 days 00:00:06.986123,274.96469847517966,274.61135715974143,-275.0961299115375,324.7515844430608,-735.4318712621165,-413.8802033642442,-242.65575628555686,432.7374558278294,,COMPLETE
276,0.0,2026-07-08 15:02:00.890156,2026-07-08 15:02:07.770888,0 days 00:00:06.880732,148.31800078590942,216.89994791697933,-337.0802881597884,54.952007538763944,250.66926962881388,-549.0802226754063,25.924600581166295,362.23178709888265,,COMPLETE
277,4.0,2026-07-08 15:02:07.805578,2026-07-08 15:02:14.698889,0 days 00:00:06.893311,246.68771545818709,245.73015412885914,-237.62254770104678,154.6540170325489,-605.0323696183297,-469.69686790633216,-154.3123616722641,412.0381925020356,,COMPLETE
278,0.0,2026-07-08 15:02:14.733550,2026-07-08 15:02:21.654505,0 days 00:00:06.920955,276.6602966521777,289.55769056294224,-451.3821819938609,299.09001589943136,-504.86778633379816,-417.7179841891509,-25.31914107219614,465.2893322311852,,COMPLETE
279,23.0,2026-07-08 15:02:21.691978,2026-07-08 15:02:29.194321,0 days 00:00:07.502343,223.22061619549257,193.1739547140653,-285.6291447193937,198.15964438429333,172.2675212563449,-509.5114803709675,-109.69022425262207,386.89786562412024,,COMPLETE
280,0.0,2026-07-08 15:02:29.224098,2026-07-08 15:02:35.549029,0 days 00:00:06.324931,66.00287242167622,184.65830983212288,-351.7724297136801,195.94565511657848,208.87802416524266,-526.787124367927,-112.59357292540695,336.30948266809037,,COMPLETE
281,19.0,2026-07-08 15:02:35.583019,2026-07-08 15:02:42.424758,0 days 00:00:06.841739,178.23274696942883,126.11128645679707,-422.58958510450714,119.36956956231387,172.91126288369298,-560.5971771562097,-4.612882357895394,489.19294732006443,,COMPLETE
282,0.0,2026-07-08 15:02:42.487151,2026-07-08 15:02:49.024591,0 days 00:00:06.537440,116.28242482016853,45.0433112502125,-492.0985807064291,111.8254619679305,188.09971298285592,-553.0715891986496,81.16616997392825,495.2069651515773,,COMPLETE
283,17.0,2026-07-08 15:02:49.061003,2026-07-08 15:02:55.357428,0 days 00:00:06.296425,165.17072272084886,101.17463287940471,-422.64799975228414,134.11896650405285,145.58663750755989,-571.841827317264,7.520885596060964,454.4571489959442,,COMPLETE
284,0.0,2026-07-08 15:02:55.387328,2026-07-08 15:03:02.179111,0 days 00:00:06.791783,157.21366740053912,72.30033600945012,-411.6139632805665,82.5438748071401,115.40585786170598,-584.0771402064098,41.14925156568301,444.86319398196406,,COMPLETE
285,0.0,2026-07-08 15:03:02.222572,2026-07-08 15:03:09.357188,0 days 00:00:07.134616,183.14678497056735,122.2960395407098,-461.05503140017106,140.6801256957478,156.27807628272438,-625.1456756759944,2.6434844075048787,542.4463741679356,,COMPLETE
286,0.0,2026-07-08 15:03:09.395769,2026-07-08 15:03:15.798585,0 days 00:00:06.402816,229.28809966272397,108.80780316942804,-437.837006211071,56.802267877615265,162.89818622713526,-566.9528975734004,-16.730779698516244,492.69345998535596,,COMPLETE
287,0.0,2026-07-08 15:03:15.837599,2026-07-08 15:03:23.505821,0 days 00:00:07.668222,139.2735251505611,15.743703823295377,-401.3604575006485,168.39564946621064,121.71627529033516,-441.114309370553,111.0501378336997,659.507077997242,,COMPLETE
288,17.0,2026-07-08 15:03:23.543466,2026-07-08 15:03:30.250058,0 days 00:00:06.706592,178.70750923460827,131.25209851542104,-375.609494104386,119.41673808283312,229.43942769333435,-684.6873543085726,39.359299360616106,583.3190683080636,,COMPLETE
289,8.0,2026-07-08 15:03:30.308208,2026-07-08 15:03:37.230621,0 days 00:00:06.922413,74.588801865797,93.72203651268183,-381.6617148744933,26.372947436823054,188.38516524592995,-756.9825280791546,33.757465669631856,584.915400182841,,COMPLETE
290,31.0,2026-07-08 15:03:37.266213,2026-07-08 15:03:44.638644,0 days 00:00:07.372431,173.5817248602317,156.4151220420656,-343.8946367724904,127.46093061067766,218.84021340386866,-528.6220845466511,66.34971415481533,469.49151277989563,,COMPLETE
291,1.0,2026-07-08 15:03:44.682817,2026-07-08 15:03:51.590731,0 days 00:00:06.907914,131.83469331619176,152.56170747076288,-402.13613109658877,114.41863166365839,235.9647929223521,-594.1390966116236,89.05348779052386,463.4599486880028,,COMPLETE
292,0.0,2026-07-08 15:03:51.623334,2026-07-08 15:03:58.943671,0 days 00:00:07.320337,203.5498195466872,74.84425272683787,-488.4818193117695,82.53326161337918,152.31836938427756,-644.1255995642737,42.80158784487843,421.5253859381751,,COMPLETE
293,7.0,2026-07-08 15:03:59.003546,2026-07-08 15:04:06.267500,0 days 00:00:07.263954,104.69727563736774,126.49312624806205,-440.2594101501661,138.16819233424232,206.9420012217201,-539.4156323464583,59.53324846533542,473.4489252079865,,COMPLETE
294,2.0,2026-07-08 15:04:06.313966,2026-07-08 15:04:13.176693,0 days 00:00:06.862727,228.75091940504436,140.4073507302864,-367.49476089951554,184.171689520807,245.58050813019935,-671.7245227266673,128.73950917765757,422.13865705960313,,COMPLETE
295,0.0,2026-07-08 15:04:13.224323,2026-07-08 15:04:19.962800,0 days 00:00:06.738477,176.86023168983192,-13.593579873047247,-332.6864858983944,116.65378573813138,216.45400161727838,-835.0559929047681,-9.195961762963298,510.7643662758409,,COMPLETE
296,6.0,2026-07-08 15:04:19.998609,2026-07-08 15:04:26.685776,0 days 00:00:06.687167,212.1550514841807,190.96017251665197,-374.0863036853251,150.86948877242224,183.76811166451768,-522.7226768454125,14.410177364117352,568.3546823223778,,COMPLETE
297,2.0,2026-07-08 15:04:26.725671,2026-07-08 15:04:33.639902,0 days 00:00:06.914231,163.10983101719987,147.32278845449466,-435.04428704819776,70.31525472049118,98.16428574448756,-561.5781573222772,89.36919798083807,450.36146197277486,,COMPLETE
298,3.0,2026-07-08 15:04:33.689396,2026-07-08 15:04:40.566138,0 days 00:00:06.876742,244.91874058070218,184.2070280336045,-523.8221603083019,194.4135936539028,260.3428837894834,-503.9345442539262,-35.850201446407354,710.3178521414112,,COMPLETE
299,0.0,2026-07-08 15:04:40.610570,2026-07-08 15:04:49.071561,0 days 00:00:08.460991,31.825747155334554,111.87784073004184,-314.0108590062408,5.091748343350105,152.85148129047786,-694.3384390812771,14.735152985563676,406.06278703772125,,COMPLETE
